-- Datos base para las tablas de parámetro/catálogo (TM_P_*) que alimentan
-- los combos de la interfaz (Ciudad, Raza, Tipo de servicio).
-- Ejecutar una sola vez sobre la base configurada en .env (DB_NAME),
-- por ejemplo desde SQL Server Management Studio o Azure Data Studio.

-- Provincias (las 24 provincias del Ecuador)
INSERT INTO TM_P_Provincia (id_provincia, nombre_provincia) VALUES
(1, 'Azuay'),
(2, 'Bolívar'),
(3, 'Cañar'),
(4, 'Carchi'),
(5, 'Chimborazo'),
(6, 'Cotopaxi'),
(7, 'El Oro'),
(8, 'Esmeraldas'),
(9, 'Galápagos'),
(10, 'Guayas'),
(11, 'Imbabura'),
(12, 'Loja'),
(13, 'Los Ríos'),
(14, 'Manabí'),
(15, 'Morona Santiago'),
(16, 'Napo'),
(17, 'Orellana'),
(18, 'Pastaza'),
(19, 'Pichincha'),
(20, 'Santa Elena'),
(21, 'Santo Domingo de los Tsáchilas'),
(22, 'Sucumbíos'),
(23, 'Tungurahua'),
(24, 'Zamora Chinchipe');

-- Ciudades (cantones) del Ecuador, relacionados a su provincia
INSERT INTO TM_P_Ciudad (id_ciudad, nombre_ciudad, id_provincia) VALUES
-- Azuay (1)
(1, 'Cuenca', 1),
(2, 'Camilo Ponce Enríquez', 1),
(3, 'Chordeleg', 1),
(4, 'El Pan', 1),
(5, 'Girón', 1),
(6, 'Guachapala', 1),
(7, 'Gualaceo', 1),
(8, 'Nabón', 1),
(9, 'Oña', 1),
(10, 'Paute', 1),
(11, 'Pucará', 1),
(12, 'San Fernando', 1),
(13, 'Santa Isabel', 1),
(14, 'Sevilla de Oro', 1),
(15, 'Sigsig', 1),
-- Bolívar (2)
(16, 'Guaranda', 2),
(17, 'Caluma', 2),
(18, 'Chillanes', 2),
(19, 'Chimbo', 2),
(20, 'Echeandía', 2),
(21, 'Las Naves', 2),
(22, 'San Miguel', 2),
-- Cañar (3)
(23, 'Azogues', 3),
(24, 'Biblián', 3),
(25, 'Cañar', 3),
(26, 'Déleg', 3),
(27, 'El Tambo', 3),
(28, 'La Troncal', 3),
(29, 'Suscal', 3),
-- Carchi (4)
(30, 'Tulcán', 4),
(31, 'Bolívar', 4),
(32, 'Espejo', 4),
(33, 'Mira', 4),
(34, 'Montúfar', 4),
(35, 'San Pedro de Huaca', 4),
-- Chimborazo (5)
(36, 'Riobamba', 5),
(37, 'Alausí', 5),
(38, 'Chambo', 5),
(39, 'Chunchi', 5),
(40, 'Colta', 5),
(41, 'Cumandá', 5),
(42, 'Guamote', 5),
(43, 'Guano', 5),
(44, 'Pallatanga', 5),
(45, 'Penipe', 5),
-- Cotopaxi (6)
(46, 'Latacunga', 6),
(47, 'La Maná', 6),
(48, 'Pangua', 6),
(49, 'Pujilí', 6),
(50, 'Salcedo', 6),
(51, 'Saquisilí', 6),
(52, 'Sigchos', 6),
-- El Oro (7)
(53, 'Machala', 7),
(54, 'Arenillas', 7),
(55, 'Atahualpa', 7),
(56, 'Balsas', 7),
(57, 'Chilla', 7),
(58, 'El Guabo', 7),
(59, 'Huaquillas', 7),
(60, 'Las Lajas', 7),
(61, 'Marcabelí', 7),
(62, 'Pasaje', 7),
(63, 'Piñas', 7),
(64, 'Portovelo', 7),
(65, 'Santa Rosa', 7),
(66, 'Zaruma', 7),
-- Esmeraldas (8)
(67, 'Esmeraldas', 8),
(68, 'Atacames', 8),
(69, 'Eloy Alfaro', 8),
(70, 'Muisne', 8),
(71, 'Quinindé', 8),
(72, 'Rioverde', 8),
(73, 'San Lorenzo', 8),
-- Galápagos (9)
(74, 'San Cristóbal', 9),
(75, 'Isabela', 9),
(76, 'Santa Cruz', 9),
-- Guayas (10)
(77, 'Guayaquil', 10),
(78, 'Alfredo Baquerizo Moreno', 10),
(79, 'Balao', 10),
(80, 'Balzar', 10),
(81, 'Colimes', 10),
(82, 'Daule', 10),
(83, 'Durán', 10),
(84, 'El Empalme', 10),
(85, 'El Triunfo', 10),
(86, 'General Antonio Elizalde', 10),
(87, 'Isidro Ayora', 10),
(88, 'Lomas de Sargentillo', 10),
(89, 'Marcelino Maridueña', 10),
(90, 'Milagro', 10),
(91, 'Naranjal', 10),
(92, 'Naranjito', 10),
(93, 'Nobol', 10),
(94, 'Palestina', 10),
(95, 'Pedro Carbo', 10),
(96, 'Playas', 10),
(97, 'Salitre', 10),
(98, 'Samborondón', 10),
(99, 'Santa Lucía', 10),
(100, 'Simón Bolívar', 10),
(101, 'Yaguachi', 10),
-- Imbabura (11)
(102, 'Ibarra', 11),
(103, 'Antonio Ante', 11),
(104, 'Cotacachi', 11),
(105, 'Otavalo', 11),
(106, 'Pimampiro', 11),
(107, 'San Miguel de Urcuquí', 11),
-- Loja (12)
(108, 'Loja', 12),
(109, 'Calvas', 12),
(110, 'Catamayo', 12),
(111, 'Celica', 12),
(112, 'Chaguarpamba', 12),
(113, 'Espíndola', 12),
(114, 'Gonzanamá', 12),
(115, 'Macará', 12),
(116, 'Olmedo', 12),
(117, 'Paltas', 12),
(118, 'Pindal', 12),
(119, 'Puyango', 12),
(120, 'Quilanga', 12),
(121, 'Saraguro', 12),
(122, 'Sozoranga', 12),
(123, 'Zapotillo', 12),
-- Los Ríos (13)
(124, 'Babahoyo', 13),
(125, 'Baba', 13),
(126, 'Buena Fe', 13),
(127, 'Mocache', 13),
(128, 'Montalvo', 13),
(129, 'Palenque', 13),
(130, 'Puebloviejo', 13),
(131, 'Quevedo', 13),
(132, 'Quinsaloma', 13),
(133, 'Urdaneta', 13),
(134, 'Ventanas', 13),
(135, 'Vinces', 13),
-- Manabí (14)
(136, 'Portoviejo', 14),
(137, '24 de Mayo', 14),
(138, 'Bolívar', 14),
(139, 'Chone', 14),
(140, 'El Carmen', 14),
(141, 'Flavio Alfaro', 14),
(142, 'Jama', 14),
(143, 'Jaramijó', 14),
(144, 'Jipijapa', 14),
(145, 'Junín', 14),
(146, 'Manta', 14),
(147, 'Montecristi', 14),
(148, 'Olmedo', 14),
(149, 'Paján', 14),
(150, 'Pedernales', 14),
(151, 'Pichincha', 14),
(152, 'Puerto López', 14),
(153, 'Rocafuerte', 14),
(154, 'San Vicente', 14),
(155, 'Santa Ana', 14),
(156, 'Sucre', 14),
(157, 'Tosagua', 14),
-- Morona Santiago (15)
(158, 'Macas', 15),
(159, 'Gualaquiza', 15),
(160, 'Huamboya', 15),
(161, 'Limón Indanza', 15),
(162, 'Logroño', 15),
(163, 'Pablo Sexto', 15),
(164, 'Palora', 15),
(165, 'San Juan Bosco', 15),
(166, 'Santiago', 15),
(167, 'Sucúa', 15),
(168, 'Taisha', 15),
(169, 'Tiwintza', 15),
-- Napo (16)
(170, 'Tena', 16),
(171, 'Archidona', 16),
(172, 'Carlos Julio Arosemena Tola', 16),
(173, 'El Chaco', 16),
(174, 'Quijos', 16),
-- Orellana (17)
(175, 'Francisco de Orellana', 17),
(176, 'Aguarico', 17),
(177, 'La Joya de los Sachas', 17),
(178, 'Loreto', 17),
-- Pastaza (18)
(179, 'Puyo', 18),
(180, 'Arajuno', 18),
(181, 'Mera', 18),
(182, 'Santa Clara', 18),
-- Pichincha (19)
(183, 'Quito', 19),
(184, 'Cayambe', 19),
(185, 'Mejía', 19),
(186, 'Pedro Moncayo', 19),
(187, 'Pedro Vicente Maldonado', 19),
(188, 'Puerto Quito', 19),
(189, 'Rumiñahui', 19),
(190, 'San Miguel de los Bancos', 19),
-- Santa Elena (20)
(191, 'Santa Elena', 20),
(192, 'La Libertad', 20),
(193, 'Salinas', 20),
-- Santo Domingo de los Tsáchilas (21)
(194, 'Santo Domingo', 21),
(195, 'La Concordia', 21),
-- Sucumbíos (22)
(196, 'Nueva Loja', 22),
(197, 'Cascales', 22),
(198, 'Cuyabeno', 22),
(199, 'Gonzalo Pizarro', 22),
(200, 'Putumayo', 22),
(201, 'Shushufindi', 22),
(202, 'Sucumbíos', 22),
-- Tungurahua (23)
(203, 'Ambato', 23),
(204, 'Baños de Agua Santa', 23),
(205, 'Cevallos', 23),
(206, 'Mocha', 23),
(207, 'Patate', 23),
(208, 'Quero', 23),
(209, 'San Pedro de Pelileo', 23),
(210, 'Santiago de Píllaro', 23),
(211, 'Tisaleo', 23),
-- Zamora Chinchipe (24)
(212, 'Zamora', 24),
(213, 'Centinela del Cóndor', 24),
(214, 'Chinchipe', 24),
(215, 'El Pangui', 24),
(216, 'Nangaritza', 24),
(217, 'Palanda', 24),
(218, 'Paquisha', 24),
(219, 'Yacuambi', 24),
(220, 'Yantzaza', 24);

-- Especies
INSERT INTO TM_P_Especie (id_especie, nombre_especie) VALUES
(1, 'Perro'),
(2, 'Gato');

-- Razas
INSERT INTO TM_P_Raza (id_raza, id_especie, nombre_raza) VALUES
(1, 1, 'Labrador'),
(2, 1, 'Poodle'),
(3, 1, 'Schnauzer'),
(4, 1, 'Chihuahua'),
(5, 1, 'Mestizo'),
(6, 2, 'Persa'),
(7, 2, 'Siamés'),
(8, 2, 'Mestizo');

-- Tarifas de servicio (según talla de la mascota)
INSERT INTO TM_P_TarifaServicio (id_tarifa_servicio, talla, precio) VALUES
(1, 'Pequeña', 12.00),
(2, 'Mediana', 18.00),
(3, 'Grande', 25.00);

-- Servicios (tabla maestra que alimenta el combo "Tipo de servicio" en Citas)
INSERT INTO TM_M_Servicio (id_servicio, id_tarifa_servicio, nombre_servicio, duracion_estimada_min, precio_base) VALUES
(1, 1, 'Baño y corte - talla pequeña', 45, 12.00),
(2, 2, 'Baño y corte - talla mediana', 60, 18.00),
(3, 3, 'Baño y corte - talla grande', 90, 25.00),
(4, NULL, 'Corte de uñas', 15, 5.00),
(5, NULL, 'Limpieza de oídos', 15, 6.00),
(6, NULL, 'Desparasitación', 20, 8.00);
